{"cameraMode":{"drawMode":0,"name":"Shaded","section":"Shading Mode"},"sceneLighting":false,"audioPlay":false,"sceneViewState":{"showFog":false,"showMaterialUpdate":false,"showSkybox":false,"showFlares":false,"showImageEffects":false,"showParticleSystems":false},"in2DMode":false,"pivot":{"x":1.4887256622314454,"y":1.1484358310699463,"z":-0.06976872682571411},"rotation":{"x":0.0112809082493186,"y":-0.9797669649124146,"z":0.0576835535466671,"w":0.19139516353607179},"size":2.733112096786499,"orthographic":false}